{"cameraMode":{"drawMode":0,"name":"Shaded","section":"Shading Mode"},"sceneLighting":true,"audioPlay":false,"sceneViewState":{"m_AlwaysRefresh":false,"showFog":true,"showSkybox":true,"showFlares":true,"showImageEffects":true,"showParticleSystems":true,"showVisualEffectGraphs":true,"m_FxEnabled":true},"in2DMode":false,"pivot":{"x":-7.202094078063965,"y":3.008418560028076,"z":2.177885055541992},"rotation":{"x":0.03882694989442825,"y":-0.39643386006355288,"z":0.016781095415353776,"w":0.9171164631843567},"size":7.182094097137451,"orthographic":false}